Secteur principal,Secteur d'activité ,Secteur d'activité connexe,Sous-secteur,Catégorie de métier,Code NAF,Qualification,Expositions,Risques,Examens utiles
Secteur primaire,Agriculture,,Production,Arboriculteur,,Apprenti,,,
,,,Production,Chef d'exploitation laitière,,Employé,,,
,,,Production,Chef de culture,,Employé polyvalent,,,
,,,Production,Conducteur d'engins d'exploitation agricole,,Ouvrier,,,
,,,Production,Horticulteur,,Ouvrier qualifié,,,
,,,Production,Maraicher,,,,,
,,,Production,Ouvrier agricole,,,,,
,,,Production,Ouvrier de production sous serre,,,,,
,,Industrie - Transport - Logistique,Technicien,Mécanicien en machinisme agricole,,,,,
,,,Ingénierie,Ingénieur de recherche produit,,,,,
,,,Ingénierie,"Ingénieur des ponts, des eaux et forêts",,,,,
,,,Ingénierie,Ingénieur en élevage et production animale,,,,,
,Agroalimentaire,,Production,Pisciculteur,,,,,
,,,Production,Aquaculteur,,,,,
,,,Production,Conchyculteur - Ostréiculteur,,,,,
,,,Production,Opérateur en transformation des viandes,,,,,
,,,Production,Pilote d'installation automatisée,,,,,
,,,Production,Préparateur de recettes,,,,,
,,,Production,Préparateur en produits de la mer,,,,,
,,,Production,Technicien biologiste,,,,,
,,,Production,Qualiticien,,,,,
,,,Chimie,Aromaticien,,,,,
,,,Ingénierie,Ingénieur de recherche produit,,,,,
,,,Ingénierie,Ingénieur agroalimentaire,,,,,
,Exploitation forestière - Sylviculture,,,Garde forestier,,,,,
,Exploitation minière,,,Mineur,,,,,
,Viticulture,,,Maitre de chai,,,,,
,,Hotellerie - Restauration - Café - Alimentaire,,Caviste,,,,,
,,Sciences,,Œnologue,,,,,
,,,,Ouvrier viticole ,,,,,
,,Hotellerie - Restauration - Café - Alimentaire,,Sommelier,,,,,
,,,,Viticulteur,,,,,
Secteur secondaire,Bâtiment - Travaux Publics - Matériaux,,,Acousticien,,Hôte d'accueil,,,
,,,,Agent de maintenance du bâtiment,,Employé,,,
,,,,Ascensoriste,,Employé polyvalent,,,
,,,,Canalisateur,,Ouvrier,,,
,,,,Carreleur,,Ouvrier qualifié,,,
,,,Bois,Charpentier,,Secrétariat,,,
,,,,Chef de chantier,,,,,
,,,Métaux,Chaudronnier,,,,,
,,,Bois,Coffreur-boiseur,,,,,
,,,,Conducteur de travaux,,,,,
,,,,Conducteur d'engin de BTP,,,,,
,,,,Cordiste,,,,,
,,,,Couvreur,,,,,
,,,,Dessinateur en bâtiment,,,,,
,,,,Dessinateur industriel,,,,,
,,,,Domoticien,,,,,
,,,,Electricien du bâtiment,,,,,
,,,,Etanchéiste,,,,,
,,,,Facadier,,,,,
,,,Métaux,Ferronier,,,,,
,,,,Foreur,,,,,
,,,,Géometre topographe,,,,,
,,,,Grutier,,,,,
,,Environnement - Nature,,Installateur de panneaux solaires,,,,,
,,,,Maçon,,,,,
,,,,Matérieriste-coloriste,,,,,
,,,,Mécanicien d'engins de chantier,,,,,
,,,Bois,Menuisier,,,,,
,,,,Métreur,,,,,
,,Architecture - Aménagement d'intérieur,Verre,Miroitier,,,,,
,,,,Monteur en installations sanitaires,,,,,
,,,,Monteur en installations thermiques,,,,,
,,,,Monteur-câbleur,,,,,
,,,,Opérateur de démolition,,,,,
,,,,Peintre en bâtiment,,,,,
,,,,Peintre en décors,,,,,
,,,,Piscinier,,,,,
,,,,Planificateur de production,,,,,
,,,,Plaquiste,,,,,
,,,,Plâtrier,,,,,
,,,,Plombier,,,,,
,,,Métaux,Serrurier métallier,,,,,
,,,,Solier-moquettiste,,,,,
,,,Métaux,Soudeur,,,,,
,,,,Staffeur-ornemaniste,,,,,
,,,,Tailleur de pierre,,,,,
,,,Technicien,Technicien de maintenance sur éolienne,,,,,
,,,,Terrassier,,,,,
,,,,Urbaniste,,,,,
,,,Verre,Verrier au chalumeau,,,,,
,,,,Opérateur sur machine à commande numérique,,,,,
,,Réparation - Mécanique - Maintenance,,Opérateur régleur sur machine automatisée,,,,,
,,,,Pilote d'installations automatisées,,,,,
,,Industrie - Transport - Logistique,Construction navale,Charpentier de marine,,,,,
,,Industrie - Transport - Logistique,Construction navale,Peintre en construction navale,,,,,
,,,Bois,Conducteur de séchoir à bois,,,,,
,,,Bois,Charpentier,,,,,
,,,Bois,Coffreur-boiseur,,,,,
,,,Bois,Menuisier,,,,,
,,,Métaux,Affûteur,,,,,
,,,Métaux,Bronzier,,,,,
,,,Métaux,Chaudronnier tôlier,,,,,
,,,Métaux,Conducteur de portiques de scierie,,,,,
,,,Métaux,Métallier,,,,,
,,,Métaux,Opérateur de forge,,,,,
,,,Métaux,Serrurier métallier,,,,,
,,,Métaux,Soudeur,,,,,
,,,Ingénierie,Ingénieur de fabrication,,,,,
,,Industrie - Transport - Logistique / Réparation - Mécanique - Maintenance,Ingénierie,Ingénieur de production,,,,,
,,,Ingénierie,Ingénieur de recherche produit,,,,,
,,,Ingénierie,Ingénieur en science des matériaux,,,,,
,Industrie - Transport - Logistique,,Technicien,Accastilleur,,,,,
,,,Ingénierie,Ingénieur packaging,,,,,
,,,Industrie pétrolière,Plongeur professionnel,,,,,
,,,Textile,Patronnier-gradeur,,,,,
,,,Ingénierie,Ingénieur aéronautique et aérosptial,,,,,
,,Bâtiment - Travaux Publics - Matériaux,Ingénierie,Ingénieur de fabrication,,,,,
,,Bâtiment - Travaux Publics - Matériaux,Ingénierie,Ingénieur de production,,,,,
,,Bâtiment - Travaux Publics - Matériaux,Ingénierie,Ingénieur de recherche produit,,,,,
,,Bâtiment - Travaux Publics - Matériaux,Ingénierie,Ingénieur en science des matériaux,,,,,
,,,Ingénierie,Ingénieur férroviaire,,,,,
,,,Ingénierie,Ingénieur lean,,,,,
,,Bâtiment - Travaux Publics - Matériaux / Réparation - Mécanique - Maintenance,Ingénierie,Ingénieur de production,,,,,
,,,Ingénierie,Ingénieur packaging,,,,,
,,,Ingénierie,Ingénieur de recherche industrielle,,,,,
,,,Automobile,Designer automobile,,,,,
,,,,Electricien de maintnenance ferroviaire,,,,,
,,Informatique,Automobile,Electricien électronicien automobile,,,,,
,,Réparation - Mécanique - Maintenance,Automobile,Mécanicien 2 roues,,,,,
,,Réparation - Mécanique - Maintenance,Automobile,Mécanicien auto,,,,,
,,,Automobile,Peintre en carosserie,,,,,
,,Réparation - Mécanique - Maintenance / Sécurité - Défense,Aviation,Mécanicien avionique de l'armée de l'air,,,,,
,,,Technicien,Mécanicien d'engins de chantier,,,,,
,,Réparation - Mécanique - Maintenance,Technicien,Mécanicien de maintenance ferroviaire,,,,,
,,Réparation - Mécanique - Maintenance,Technicien,Mécanicien de maintenance aéronautique,,,,,
,,Réparation - Mécanique - Maintenance,Technicien,Mécanicien de marine,,,,,
,,Réparation - Mécanique - Maintenance / Agriculture,Technicien,Mécanicien en machinisme agricole,,,,,
,,Réparation - Mécanique - Maintenance,,Monteur en pneumatiques,,,,,
,,,,Planificateur de production,,,,,
,,,Ingénierie,Ingénieur aéronautique et aérospatial ,,,,,
,,Bâtiment - Travaux Publics - Matériaux,Construction navale,Charpentier de marine,,,,,
,,Bâtiment - Travaux Publics - Matériaux,Construction navale,Peintre en construction navale,,,,,
,,Réparation - Mécanique - Maintenance,Construction automobile,Carrossier,,,,,
,,,,Concepteur d'emballages,,,,,
Secteur tertiaire,Animaux,Tourisme - Sport - Loisirs - Animation,,Accompagnateur de tourisme équestre,,Hôte d'accueil,,,
,,,,Moniteur d'équitation,,Employé,,,
,,,Production,Accouveur,,Employé polyvalent,,,
,,Sciences,Production,Animalier de laboratoire,,Secrétariat,,,
,,,Production,Apiculteur,,Assistant,,,
,,Agriculture,Production,Chef d'exploitation laitière,,Consultant,,,
,,Agriculture,Production,Chef d'exploitation laitière,,Représentant,,,
,,Agriculture,Production,Chef d'exploitation laitière,,Commercial,,,
,,,Production,Eleveur de chiens,,Technicien,,,
,,,Production,Eleveur de chevaux,,,,,
,,,Production,Inséminateur,,,,,
,,,Commerce,Taxidermiste,,,,,
,,Commerce,Commerce,Vendeur en animalerie,,,,,
,,,Soins,Auxilliaire vétérinaire,,,,,
,,,Soins,Comportementaliste,,,,,
,,,Soins,Educateur de chiens guide d'aveugle,,,,,
,,,Soins,Educateur canin,,,,,
,,,Soins,Maître chien,,,,,
,,Sécurité - Défense,,Maître-chien / Agent cynophile de sécurité,,,,,
,,,Soins,Maréchal-ferrant,,,,,
,,,Soins,Pelefrenier,,,,,
,,,Soins,Soigneur de chevaux,,,,,
,,,Soins,Toiletteur d'animaux,,,,,
,,,Soins,Vétérinaire,,,,,
,,,Sport,Jockey,,,,,
,,,,Zoologiste,,,,,
,Assurance,,,,,,,,
,,,,,,,,,
,,,,,,,,,
,Architecture - Aménagement d'intérieur,,,Agenceur de cuisine,,,,,
,,,,Antiquaire,,,,,
,,,,Architecte,,,,,
,,,,Architecte d'intérieur,,,,,
,,,,Architecte paysagiste,,,,,
,,,,Caneur-rempailleur,,,,,
,,,,Conservateur territorial du patrimoine,,,,,
,,,,Décorateur d'intérieur,,,,,
,,Bâtiment - Travaux Publics  - Matériaux,,Menuisier,,,,,
,,,,Menuisier en sièges,,,,,
,,Bâtiment - Travaux Publics - Matériaux,,Miroitier,,,,,
,,,,Peintre en décor,,,,,
,,,,Restaurateur conservateur,,,,,
,,,,Restaurateur d'œuvres d'art,,,,,
,,Bâtiment - Travaux Publics - Matériaux,,Solier-moquettiste,,,,,
,,Bâtiment - Travaux Publics - Matériaux,,Staffeur-ornemaniste,,,,,
,,,,Tapissier d'ameublement,,,,,
,,,,Tailleur de pierre,,,,,
,,Bâtiment - Travaux Publics - Matériaux,,Verrier au chalumeau,,,,,
,,Bâtiment - Travaux Publics - Matériaux,,Vitralliste,,,,,
,Artisanat,,Bijoux,Bijoutier-joaillier,,,,,
,,,Bijoux,Gemmologue,,,,,
,,,Bijoux,Orfèvre,,,,,
,,,Métaux,Armurier,,,,,
,,,Métaux,Bronzier,,,,,
,,,Métaux,Coutellier,,,,,
,,,Métaux,Ferronier d'art,,,,,
,,,Métaux,Graveur,,,,,
,,,Bois,Ebéniste,,,,,
,,,Bois,Encadreur,,,,,
,,,Confection,Costumier,,,,,
,,,Confection,Modéliste,,,,,
,,,Confection,Modiste - Chapelier,,,,,
,,,Confection,Retoucheur,,,,,
,,,Confection,Styliste,,,,,
,,,Musique,Facteur d'orgues,,,,,
,,,Musique,Facteur de piano,,,,,
,,,Musique,Facteur instrumental,,,,,
,,,Musique,Luthier,,,,,
,,,Musique,Réparateur d'instrument de musique,,,,,
,,,,Céramiste à la main,,,,,
,,,,Horloger,,,,,
,,,,Maroquinier,,,,,
,,,,Relieur-doreur,,,,,
,,,,Shaper,,,,,
,Audit - Conseil - Gestion - Ressources humaines,Banque - Finance - Assurance,,Assistant comptable,,,,,
,,,,Assistant de gestion PME / PMI,,,,,
,,,,Assistant de manager international,,,,,
,,,,Assistant de ressources humaines,,,,,
,,,,Auditeur externe,,,,,
,,,,Chargé d'études marketing,,,,,
,,,,Chargé de recrutement territorial,,,,,
,,,,Coach professionnel,,,,,
,,Banque - Finance - Assurance,,Commissaire aux comptes,,,,,
,,Banque - Finance - Assurance,,Comptable,,,,,
,,,,Conseiller en développement local,,,,,
,,,,Contrôleur du travail,,,,,
,,Banque - Finance - Assurance,,Credit manager,,,,,
,,Commerce,,Directeur de grand magasin,,,,,
,,,,Directeur des ressources humaines,,,,,
,,Commerce,,Directeur du marketing,,,,,
,,Commerce,,Directeur commercial,,,,,
,,Banque - Finance - Assurance,,Fiscaliste,,,,,
,,,,Manager des organisations,,,,,
,,,,Manager de risques / Risk manager,,,,,
,,,,Rédacteur territorial,,,,,
,,,,Responsable d'agence,,,,,
,,,,Responsable d'agence intérim,,,,,
,,Commerce,,Responsable marketing,,,,,
,Banque - Finance - Assurance,,,Actuaire,,,,,
,,Audit - Conseil - Gestion - Ressources humaines,,Assistant comptable,,,,,
,,,,Agent général d'assurance,,,,,
,,,,Analyste financier,,,,,
,,,,Assistant comptable,,,,,
,,,,Auditeur externe,,,,,
,,,,Chargé de clientèle bancaire,,,,,
,,,,Chargé de communication financière,,,,,
,,Humanitaire,,Collecteur de fonds,,,,,
,,Audit - Conseil - Gestion - Ressources humaines,,Comptable,,,,,
,,Audit - Conseil - Gestion - Ressources humaines,,Commissaire aux comptes,,,,,
,,,,Conseiller en microcrédit,,,,,
,,,,Controleur de gestion,,,,,
,,,,Courtier en assurances,,,,,
,,,,Credit manager,,,,,
,,,Technicien,Dabiste,,,,,
,,,,Directeur financier,,,,,
,,Audit - Conseil - Gestion - Ressources humaines,,Expert-compable,,,,,
,,Audit - Conseil - Gestion - Ressources humaines,,Fiscaliste,,,,,
,,,,Gérant de portefeuille,,,,,
,,,,Gestionnaire de patrimoine,,,,,
,,,,Guichetier chargé d'accueil bancaire,,,,,
,,,,Opérateur de traitement de valeurs,,,,,
,,,,Rédacteur en assurances,,,,,
,,,,Responsable d'agence bancaire,,,,,
,,,,Trader,,,,,
,Commerce,,,Acheteur,,,,,
,,Communication - Information,,Acheteur d'espaces publicitaires,,,,,
,,,,Caissier,,,,,
,,,,Chef de produit marketing ,,,,,
,,Informatique - Numérique - Multmédia,,Chef de projet e-CRM,,,,,
,,,,Chef de rayon,,,,,
,,,,Client mystère professionnel,,,,,
,,,,Commerçant en alimentation,,,,,
,,,,Commercial,,,,,
,,,,Commercial à bord des trains,,,,,
,,Audit - Conseil - Gestion - Ressources humaines,,Directeur commercial,,,,,
,,Audit - Conseil - Gestion - Ressources humaines,,Directeur de grand magasin,,,,,
,,Audit - Conseil - Gestion - Ressources humaines,,Directeur du marketing,,,,,
,,,,E-marchandiser,,,,,
,,,,Employé de pressing,,,,,
,,,,Employé de statiion service,,,,,
,,,,Employé de libre service,,,,,
,,,,Etalagiste - décorateur,,,,,
,,Sport  - Loisirs - Animation,,Exploitant d'équipements de loisirs,,,,,
,,,,Fleuriste ,,,,,
,,,,Installateur de magasin,,,,,
,,Edition - Imprimerie - Livre,,Libraire,,,,,
,,,,Loueur de bateaux,,,,,
,,,Automobile,Loueur de voiture,,,,,
,,,,Marchand ambulant,,,,,
,,,,Marchandiser,,,,,
,,,,Monteur-vendeur en optique lunetterie,,,,,
,,,,Représentant vendeur de véhicule,,,,,
,,,,Responsable affiliation et partenariats sur le web,,,,,
,,,,Responsable de magasin,,,,,
,,,,Responsable de plateforme téléphonique,,,,,
,,,,Skiman,,,,,
,,,,Téléconseiller,,,,,
,,,,Télévendeur,,,,,
,,,,Vendeur d'article de sport,,,,,
,,,,Vendeur de jouets,,,,,
,,,,Vendeur en animalerie,,,,,
,,,,Vendeur en magasin,,,,,
,,,,Vendeur en micro-informatique et multimédia,,,,,
,,,,Vendeur export,,,,,
,,,,Webmarketer,,,,,
,,,,Wedding planner,,,,,
,,,,Yield manager,,,,,
,,,Ingénierie,Ingénieur technico-commercial,,,,,
,Communication - Information,Commerce,,Acheteur d'espaces publicitaires,,,,,
,,Sciences,,Archiviste,,,,,
,,,,Assistant de communication,,,,,
,,,,Attaché de presse,,,,,
,,,,Chargé d'étude de marketing,,,,,
,,Banque - Finance - Assurance,,Chargé de communication financière,,,,,
,,,,Chargé de diffusion,,,,,
,,,,Chargé de mission patrimoine culturel,,,,,
,,,,Chargé de relations publiques,,,,,
,,,,Chargé d'habillage et d'autopromotion,,,,,
,,,,Chef de publicité,,,,,
,,,,Concepteur rédacteur,,,,,
,,Informatique - Numérique - Multimédia,,Creative technologist / Technologue créatif,,,,,
,,,,Dessinateur de presse,,,,,
,,,,Designer produit,,,,,
,,Culture - Art - Spectacle - Audiovisuel,,Directeur artistique,,,,,
,,,,Documentaliste,,,,,
,,,,Enquêteur,,,,,
,,,,Gestionnaire d'antenne,,,,,
,,,,Iconographe,,,,,
,,Education - Enseignement - Formation - Langues,,Interprète,,,,,
,,Culture - Art - Spectacle - Audiovisuel,,Journaliste,,,,,
,,Culture - Art - Spectacle - Audiovisuel,,Journaliste télé ou radio,,,,,
,,Culture - Art - Spectacle - Audiovisuel,,Journaliste d'entreprise,,,,,
,,Culture - Art - Spectacle - Audiovisuel,,Journaliste reporter d'images,,,,,
,,Sciences / Culture - Art - Sepctacle - Audiovisuel,,Journaliste scientfique,,,,,
,,Informatique - Numérique - Multimédia,,Maquettiste,,,,,
,,,,Média-planner,,,,,
,,Informatique - Numérique - Multimédia,,Opérateur en PAO,,,,,
,,,,Planneur stratégique,,,,,
,,,,Pigiste,,,,,
,,,,Rédacteur en chef,,,,,
,,,,Rédacteur technique,,,,,
,,,,Responsable de communication,,,,,
,,,,Responsable de la communication financière,,,,,
,,,,Responsable marketing,,,,,
,,,,Social media manager,,,,,
,,,,Standardiste,,,,,
,,,,Stéréotypiste de conférence,,,,,
,,Informatique - Numérique - Multimédia,,Technicien PAO,,,,,
,,Education - Enseignement - Formation - Langues,,Traducteur,,,,,
,,Informatique - Numérique - Multimédia,,Web designer,,,,,
,,Informatique - Numérique - Multimédia,,Web evangelist / Evangéliste web,,,,,
,Culture - Art - Spectacle - Audiovisuel,,Artistes,Auteur,,,,,
,,,Artistes,Agent artistique,,,,,
,,,Artistes,Artiste-peintre,,,,,
,,,Artistes,Cascadeur,,,,,
,,,Artistes,Chanteur,,,,,
,,,Artistes,Danseur,,,,,
,,,Artistes,Comédien,,,,,
,,,Artistes,Documentariste,,,,,
,,,Artistes,Mannequin,,,,,
,,,Artistes,Maquilleur artistique,,,,,
,,,Artistes,Marionnettiste,,,,,
,,,Artistes,Musicien ,,,,,
,,,Artistes,Musicien intervenant,,,,,
,,,Artistes,Photographe,,,,,
,,,Artistes,Scripte,,,,,
,,,Artistes,Story-boarder,,,,,
,,,,Scénariste,,,,,
,,,,Scénariste multimédia,,,,,
,,,,Scripte de jeux vidéos,,,,,
,,,,,,,,,
,,Communication - Information,,Journaliste,,,,,
,,Communication - Information,,Journaliste télé ou radio,,,,,
,,Communication - Information,,Journaliste d'entreprise,,,,,
,,Communication - Information,,Journaliste reporter d'images,,,,,
,,Communication - Information / Sciences,,Journaliste scientfique,,,,,
,,,,Médiateur culturel,,,,,
,,Education - Enseignement - Formation,,Musicologue,,,,,
,,,,,,,,,
,,,Décor,Accessoiriste,,,,,
,,,Décor,Décorateur scénographe,,,,,
,,,Décor,Habilleur,,,,,
,,,,Modéliste,,,,,
,,,,Styliste,,,,,
,,Informatique - Numérique - Multimédia,Image,Animateur 2D-3D,,,,,
,,Informatique - Numérique - Multimédia,Image,DIrecteur artistique,,,,,
,,Informatique - Numérique - Multimédia,Image,Directeur artistique 3D,,,,,
,,Informatique - Numérique - Multimédia,Image / Ingénierie,Ingénieur en réalité virtuelle,,,,,
,,Informatique - Numérique - Multimédia,Image,Graphiste illustrateur 2D-3D,,,,,
,,Informatique - Numérique - Multimédia,Image,Graphiste multimédia,,,,,
,,Informatique - Numérique - Multimédia,,Modeleur 3D,,,,,
,,Informatique - Numérique - Multimédia,,Motion designer,,,,,
,,Informatique - Numérique - Multimédia,,Progammeur technique de jeux vidéos,,,,,
,,Informatique - Numérique - Multimédia,,Scénariste multimédia,,,,,
,,Informatique - Numérique - Multimédia,,Scripte de jeux vidéos,,,,,
,,,Image,Projectionniste,,,,,
,,,Image,Technicien de labo photo,,,,,
,,,Image,Chef opérateur,,,,,
,,,Image,Réalisateur,,,,,
,,,Image,Réalisateur 3D,,,,,
,,,Image,Technicien vidéo,,,,,
,,,Lumière,Artificier,,,,,
,,,Lumière,Technicien lumière,,,,,
,,,Production,Cadreur,,,,,
,,,Production,Chargé de diffusion,,,,,
,,,Production,Chargé de production,,,,,
,,,Production,Chargé de programmation,,,,,
,,,Production,Chargé d'habillage et d'autopromotion,,,,,
,,,Production,Gestionnaire d'antenne,,,,,
,,Informatique - Numérique - Multimédia,Production,Producer,,,,,
,,,,,,,,,
,,,Régie,Agent d'exploitation des équipements audiovisuels,,,,,
,,,Régie,Chef machnisite,,,,,
,,,Régie,Chef constructeur,,,,,
,,,Régie,Chef opérateur,,,,,
,,,Régie,Machiniste,,,,,
,,,Régie,Régisseur de spectacles,,,,,
,,,,,,,,,
,,,Son / Ingénierie,Ingénieur du son,,,,,
,,Informatique - Numérique - Multimédia,Son,Sound designer,,,,,
,,,Son,Mixeur son ,,,,,
,,,Son,Technicien son,,,,,
,,,Son,Assistant son,,,,,
,,,Image / Son,Monteur image et son,,,,,
,,,Image / Son,Opérateur synthétiseur,,,,,
,,,,,,,,,
,,,,,,,,,
,,,,,,,,,
,,,,,,,,,
,,Tourisme - Sport - Loisirs - Animation,,Billettiste,,,,,
,Droit,,,Actuaire,,,,,
,,,,Administrateur de biens,,,,,
,,,,Administrateur judiciaire,,,,,
,,,,Attaché territorial,,,,,
,,,,Avocat,,,,,
,,,,Chargé de recrutement territorial,,,,,
,,,,Clerc de notaire,,,,,
,,,,Contrôleur du travail,,,,,
,,,,Correspondant Informatique et Libertés,,,,,
,,,,Greffier,,,,,
,,,,Huissier de justice,,,,,
,,,,Juge,,,,,
,,,,Juge pour enfants,,,,,
,,,,Magistrat,,,,,
,,,,Médecin légiste,,,,,
,,,,Notaire,,,,,
,,,,Officier d'état civil,,,,,
,,,,Procureur,,,,,
,,,,Rédacteur en assurances,,,,,
,,,,Rédacteur territorial,,,,,
,,,,Secrétaire de mairie,,,,,
,,,,Secrétaire juridique,,,,,
,Edition - Imprimerie - Livre,,,Auteur,,,,,
,,,,Bibliothécaire,,,,,
,,,,Chef d'atelier des industrices graphiques,,,,,
,,,,Chef de fabrication des industries graphiques,,,,,
,,,,Chefde projet numérique édition,,,,,
,,,,Conducteur de machines d'assemblages,,,,,
,,,,Conducteur de presse numérique,,,,,
,,,,Conducteur de presse offset,,,,,
,,,,Conservateur de bibliothèque,,,,,
,,,,Correcteur,,,,,
,,,,Directeur de collection,,,,,
,,Culture - Art - Spectacle - Audiovisuel,,Directeur artistique ,,,,,
,,,,Documentaliste,,,,,
,,,,Iconographe,,,,,
,,,,Illustrateur,,,,,
,,,,imprimeur,,,,,
,,Commerce,,Libraire,,,,,
,,,,Maquettiste,,,,,
,,,,Opérateur en PAO,,,,,
,,,,Opératrice de saisie,,,,,
,,,,Packager éditorial,,,,,
,,,,Rédacteur en chef,,,,,
,,,,Rédacteur technique,,,,,
,,,,Relieur-doreur,,,,,
,,,,Secrétaire d'édition,,,,,
,,,,Secrétaire de rédaction,,,,,
,,,,Sérigraphe,,,,,
,,,,Technicien de fabrication dans l'industrie graphique,,,,,
,,,,Technicien PAO,,,,,
,,,,Traducteur,,,,,
,,,Commerce,Chef de projet e-commerce livre,,,,,
,,,Commerce,Délégué commercial édition,,,,,
,,,Commerce,Libraire,,,,,
,Education - Enseignement - Formation - Langues,,,Agent territorial spécialisé des écoles maternelles - ATSEM,,,,,
,,,,Animateur de formation,,,,,
,,,,Auxilliaire de vie scolaire,,,,,
,,Recherche,,Chercheur,,,,,
,,,,Conseiller principal d'éducation - CPE,,,,,
,,,,Conseillère d'orientation,,,,,
,,,,Educateur spécialisé,,,,,
,,Informatique - Numérique - Multimédia,,Formateur multmédia,,,,,
,,,,Formateur,,,,,
,,Sciences,,Géographe,,,,,
,,Communication - Information,,Interprète,,,,,
,,,,Maître de conférence,,,,,
,,,,Moniteur d'auto-école,,,,,
,,,,Musicologue,,,,,
,,,,Professeur d'arts plastiques,,,,,
,,,,Professeur d'éducation physique et sportive,,,,,
,,,,Professeur d'université,,,,,
,,,,Professeur de français langue étrangère (FLE),,,,,
,,,,Professeur de langue des signes française (LSF),,,,,
,,,,Professeur de lycée et collège,,,,,
,,,,Professeur de musique,,,,,
,,,,Professeur des écoles,,,,,
,,,,Professeur documentaliste,,,,,
,,Santé - Médecine,,Psychologue scolaire,,,,,
,,Communication - Information,,Traducteur,,,,,
,Entretien - Nettoyage,,,Agent de stérilisation,,,,,
,,,,Agent d'entretien et d'assainissement,,,,,
,,,,Agent d'entretien et de nettoyage urbain,,,,,
,,,,Agent de propreté et d'hygiène,,,,,
,,Santé - Médecine,,Agent de propreté hospitalière,,,,,
,,,,Agent de propreté spécialisé,,,,,
,,,,Agent d'entretien et de rénovation,,,,,
,,Santé - Médecine,,Agent de stérilisation,,,,,
,,,,Agent machiniste,,,,,
,,,,Agent qualifié en ultrapropreté,,,,,
,,,,Ambassadeur du tri,,,,,
,,,,Animateur environnement,,,,,
,,,,"Animateur qualité, sécurité et développement durable",,,,,
,,Environnement - Nature,,Chef de prohet sites et sols pollués,,,,,
,,Environnement - Nature,,Conducteur de station d'épuration,,,,,
,,,,Eboueur,,,,,
,,,,Laveur de vitres,,,,,
,,Environnement - Nature,,Technicien traitement déchets,,,,,
,,,,,,,,,
,Environnement - Nature,Sciences / Urbanisme - Patrimoinre,Scientifique,Archéologue,,,,,
,,Sciences / Urbanisme - Patrimoinre,Scientifique,Archéologue territorial,,,,,
,,,,Arboriculteur,,,,,
,,Urbanisme,Urbanisme,Architecte paysagiste,,,,,
,,,,Acousticien,,,,,
,,Sciences,Scientifique,Botaniste,,,,,
,,,,Bûcheron,,,,,
,,,,Cartographe,,,,,
,,,,Chargé de mission patrimoine naturel,,,,,
,,,,Chauffeur grumier,,,,,
,,Entretien - Nettoyage,,Chef de prohet sites et sols pollués,,,,,
,,,,Conducteurs d'engins forestiers,,,,,
,,Entretien - Nettoyage,,Conducteur de station d'épuration,,,,,
,,,,Conservateur territorial du patrimoine,,,,,
,,,,Directeur de parc naturel,,,,,
,,,,Eco-concepteur,,,,,
,,,,Eco-conseiller,,,,,
,,,,Econome de flux,,,,,
,,,,Ecotoxicologue,,,,,
,,,,Elagueur,,,,,
,,,,Garde du littoral,,,,,
,,,,Garde-chasse,,,,,
,,,,Garde-pêche,,,,,
,,,,Horticulteur,,,,,
,,,,Jardinier,,,,,
,,,,Jardinier de golf,,,,,
,,,,Hydraulicien,,,,,
,,Sciences,,Hydrobiologiste,,,,,
,,Sciences,,Hydréogéologue,,,,,
,,,Ingénierie,Ingénieur d'études des milieux naturels,,,,,
,,,Ingénierie,Ingénieur sécurité sanitaire,,,,,
,,Bâtiment - Travaux Publics - Matériaux,,Installateur de panneaux solaires,,,,,
,,Sciences,,Météorologue,,,,,
,,Sciences,,Océanographe,,,,,
,,,,Ouvrier de production sous serre,,,,,
,,,,Paysagiste,,,,,
,,Sciences,,Pédologue,,,,,
,,,,Pépiniériste,,,,,
,,,,Responsable de secteur dans un espace naturel,,,,,
,,Sécurité - Défense,,"Responsable hygiène, sécurité, environnement",,,,,
,,Sciences,Technicien,Technicien de la qualité de l'eau,,,,,
,,,Technicien,Technicien de mesure de la pollution,,,,,
,,Entretien - Nettoyage,Technicien,Technicien traitement déchets,,,,,
,,,Technicien,Technicien de maintenance sur éolienne,,,,,
,,,Technicien,Technicien eau et installation saniraires,,,,,
,,,Technicien,Technicien forestier,,,,,
,,,,,,,,,
,,,,,,,,,
,Hotellerie - Restauration - Café - Alimentaire,Tourisme - Sport - Loisirs - Animation,,Barman / Barmaid,,,,,
,,,,Brasseur - malteur,,,,,
,,,,Boulanger,,,,,
,,,,Boucher,,,,,
,,,,Caviste,,,,,
,,,,Charcutier-traiteur,,,,,
,,,,Commis de cuisine,,,,,
,,,,Chocolatier - confiseur,,,,,
,,,,Commerçant en alimentation,,,,,
,,,,Cuisinier,,,,,
,,,,Détaillant en fruits et légumes,,,,,
,,,,Directeur d'hôtel,,,,,
,,,,Directeur de restaurant,,,,,
,,,,Employé de restaurant,,,,,
,,,,Employé de libre service,,,,,
,,,,Femme de chambre,,,,,
,,,,Garçon de café / Serveur,,,,,
,,,,Gérant d'hôtel,,,,,
,,,,Gouvernant d'hôtel,,,,,
,,Réparation - Mécanique - Maintenance,Technicien,Frigoriste,,,,,
,,,,Fromager,,,,,
,,,,Glacier,,,,,
,,,,Hôte d'accueil,,,,,
,,,,Hôtesse de l'air / Steward,,,,,
,,,,Maître d'hôtel,,,,,
,,,,Maître restaurateur,,,,,
,,,,Pâtissier,,,,,
,,,,Plongeur,,,,,
,,,,Poissonnier,,,,,
,,,,Pizzaiolo,,,,,
,,,,Réceptionniste,,,,,
,,,,Serveur de restaurant,,,,,
,,,,Sommelier,,,,,
,Humanitaire - Social - Service à la personne,Banque - Finance - Assurance,,Collecteur de fonds,,,,,
,,,,Développeur humanitaire rural,,,,,
,,,,Développeur humanitaire urbain,,,,,
,,Santé - Médecine,,Logisticien humanitaire,,,,,
,,Santé - Médecine,,Responsable de mission humanitaire,,,,,
,,Santé - Médecine,,Sapeur-pompier,,,,,
,,Santé - Médecine,,Technicien de l'intervention sociale et familiale,,,,,
,,,,,,,,,
,,,,,,,,,
,,,,,,,,,
,Immobilier,,,Administrateur de biens,,,,,
,,,,Agent de gestion locative,,,,,
,,,,Agent immobilier,,,,,
,,,,Diagnostiqueur immobilier,,,,,
,,,,Expert immobilier,,,,,
,,,,Gardien d'immeuble,,,,,
,,,,Responsable de produits immobiliers,,,,,
,,,,Syndic de copropriété,,,,,
,Informatique - Numérique - Multimédia,,,Administrateur de base de données,,,,,
,,,,Aimateur multimédia,,,,,
,,Culture - Art - Spectacle - Audiovisuel,,Animateur 2D-3D,,,,,
,,,,Automaticien ,,,,,
,,,,Architecte Big Data,,,,,
,,Sciences,,Bio-informaticien,,,,,
,,,,Bobinier,,,,,
,,Commerce,,Chef de projet e-CRM,,,,,
,,,,Chef de produit web et mobile,,,,,
,,,,Chef de projet web,,,,,
,,,,Consultant technique,,,,,
,,,,Consultant SEO,,,,,
,,,,Contrôleur en électricité et électronique,,,,,
,,,,Correspondant en Informatique et Libertés,,,,,
,,,,Chief data officer,,,,,
,,,,Community manager,,,,,
,,Réparation - Mécanique - Maintenance,,Conducteur de presse numérique,,,,,
,,,,Data analyst / Data scientist,,,,,
,,,,Data protection officer,,,,,
,,,,Creative technologist / Technologue créatif,,,,,
,,Réparation - Mécanique - Maintenance,,Dépanneur en électroménager,,,,,
,,,,Designer UX / UI,,,,,
,,,,Développeur informatique,,,,,
,,,,Développeur multimédia,,,,,
,,,,Développeur web,,,,,
,,,,Developpeur d'applications mobiles,,,,,
,,,,Digital brand manager,,,,,
,,Culture - Art - Spectacle - Audiovisuel,,Directeur artistique,,,,,
,,Culture - Art - Spectacle - Audiovisuel,,Directeur artistique 3D,,,,,
,,,,Ergonome web,,,,,
,,Réparation - Mécanique - Maintenance,,Electricien de maintenance,,,,,
,,Industrie - Transport - Logistique,,Electricien électronicien automobile,,,,,
,,Sécurité - Défense,,Electricien de l'armée de l'air,,,,,
,,,,Fabmanager,,,,,
,,Education - Enseignement - Formation,,Formateur multimédia,,,,,
,,,,Game designer,,,,,
,,Culture - Art - Spectacle - Audiovisuel,,Graphiste illustrateur 2D-3D,,,,,
,,Culture - Art - Spectacle - Audiovisuel,,Graphiste multimédia,,,,,
,,,,Hot liner,,,,,
,,,Ingénierie,Ingénieur cloud computing,,,,,
,,,Ingénierie,Ingénieur d'étude et de développement,,,,,
,,,Ingénierie,Ingénieur de production,,,,,
,,,Ingénierie,Ingénieur de recherche produit,,,,,
,,Recherche / Sécurité - Défense,Ingénierie,Ingénieur aéronautique et aéorospatial,,,,,
,,,Ingénierie,Ingénieur en intelligence artificielle - IA,,,,,
,,,Ingénierie,Ingénieur en réalité virtuelle,,,,,
,,,Ingénierie,Ingénieur réseau,,,,,
,,,,Installateur antenniste,,,,,
,,,,Installeur d'alarmes,,,,,
,,,,Installateur en télécom,,,,,
,,,,Intégrateur web,,,,,
,,Sécurité - Défense,,Intercepteur technique et graphie de l'armée de l'air,,,,,
,,,,Level designer,,,,,
,,Communication - Information,,Maquettiste,,,,,
,,,,Mécatronicien,,,,,
,,Culture - Art - Spectacle - Audiovisuel,,Modeleur 3D,,,,,
,,Culture - Art - Spectacle - Audiovisuel,,Motion designer,,,,,
,,,,Monteur électricien réseau,,,,,
,,,,Opérateur régleur sur machine automatisée,,,,,
,,Communication - Information,,Opérateur en PAO,,,,,
,,Culture - Art - Spectacle - Audiovisuel,,Planificateur de production,,,,,
,,Culture - Art - Spectacle - Audiovisuel,,Producer,,,,,
,,Culture - Art - Spectacle - Audiovisuel,,Progammeur technique de jeux vidéos,,,,,
,,,,Responsable de projets informatiques,,,,,
,,,,Responsable de sécurité informatique,,,,,
,,Culture - Art - Spectacle - Audiovisuel,,Scénariste multimédia,,,,,
,,Culture - Art - Spectacle - Audiovisuel,,Scripte de jeux vidéos,,,,,
,,Culture - Art - Spectacle - Audiovisuel,,Sound designer,,,,,
,,Réparation - Mécanique - Maintenance,,Technicien de maintenance de machines à sous,,,,,
,,Réparation - Mécanique - Maintenance,,Technicien imprimante 3D,,,,,
,,Réparation - Mécanique - Maintenance,,Technicien de maintenance en distribution automatique,,,,,
,,Réparation - Mécanique - Maintenance,,Technicien de maintenance informatique ,,,,,
,,Réparation - Mécanique - Maintenance,,Technicien électronicien ,,,,,
,,Communication - Information,,Technicien PAO,,,,,
,,,,Testeur de jeux vidéos,,,,,
,,,,Traffic manager,,,,,
,,Commerce,,Vendeur en micro-informatique et multimédia,,,,,
,,Communication - Information,,Web designer,,,,,
,,Communication - Information,,Web evangelist / Evangéliste web,,,,,
,,,,Webmaster,,,,,
,Réparation - Mécanique - Maintenance,Industrie - Transport - Logistique,,Accastilleur,,,,,
,,,,Affûteur,,,,,
,,,,Agent de maintenance ,,,,,
,,,,Agent de maintenance des catainers,,,,,
,,,,Agent de maintenance en mécanique industrielle,,,,,
,,,,Ascensoriste,,,,,
,,,,Carrossier,,,,,
,,,,Contrôleur technique automobile,,,,,
,,Informatique - Numérique - Multimédia,,Conducteur de presse numérique,,,,,
,,Informatique - Numérique - Multimédia,,Dépanneur en électroménager,,,,,
,,,,Dépanneur remorqueur,,,,,
,,Informatique - Numérique - Multimédia,,Electricien de maintenance,,,,,
,,,,Employé de station service,,,,,
,,,Automobile,Expert automobile,,,,,
,,Hotellerie - Restauration - Café - Alimentaire,Technicien,Frigoriste,,,,,
,,Sciences,Ingénierie,Ingénieur d'étude et de développement,,,,,
,,,Ingénierie,Ingénieur de fabrication mécanique,,,,,
,,Bâtiment - Travaux Publics - Matériaux / Industrie - Transport - Logistique,Ingénierie,Ingénieur de production,,,,,
,,,,Mécanicien,,,,,
,,Industrie - Transport - Logistique,Automobile,Mécanicien 2 roues,,,,,
,,Industrie - Transport - Logistique,Automobile,Mécanicien auto,,,,,
,,Industrie - Transport - Logistique / Sécurité - Défense,Aviation,Mécanicien avionique de l'armée de l'air,,,,,
,,Industrie - Transport - Logistique,,Mécanicien de maintenance ferroviaire,,,,,
,,Industrie - Transport - Logistique,,Mécanicien de de maintenance aéronautique,,,,,
,,,,Mécanicien outilleur,,,,,
,,Industrie - Transport - Logistique,,Monteur en pneumatique,,,,,
,,Tourisme - Sport - Loisirs - Animation,,Nivoculteur,,,,,
,,Bâtiment - Travaux Publics - Matériaux,,Opérateur régleur sur machine automatisée,,,,,
,,,,Qualticien,,,,,
,,,,Responsablede contrat de maintenance,,,,,
,,Sécurité - Défense,Ingénierie,Ingénieur sécurité sanitaire,,,,,
,,,,Serrurier-dépanneur,,,,,
,,,,Technicien d'intervention clientèle gaz,,,,,
,,Informatique - Numérique - Multimédia,,Technicien imprimante 3D,,,,,
,,Informatique - Numérique - Multimédia,,Technicien de maintenance en distribution automatique,,,,,
,,Informatique - Numérique - Multimédia,,Technicien de maintenance informatique ,,,,,
,,Informatique - Numérique - Multimédia,,Technicien électronicien ,,,,,
,,Informatique - Numérique - Multimédia,,Technicien de maintenance de machines à sous,,,,,
,,,,Technicien de ligne haute tension,,,,,
,,,,Technicien en mécanique,,,,,
,,,,Tourneur fraiseur,,,,,
,Recherche,Education - Enseignement - Formation,,Chercheur,,,,,
,,Industrie - Transport - Logistique,,Ingénieur aéronautique et aérospatial,,,,,
,,,,,,,,,
,,,,,,,,,
,Santé - Médecine,,,Acupuncteur,,,,,
,,Entretien - Nettoyage,,Agent de propreté hospitalière,,,,,
,,Entretien - Nettoyage,,Agent de stérilisation,,,,,
,,,,Agent thermal,,,,,
,,,,Anesthésiste-réanimateur,,,,,
,,,,Aide-soignant,,,,,
,,,Transport,Ambulancier,,,,,
,,,,Assistant dentaire,,,,,
,,,,Audioprothésiste,,,,,
,,,,Auxilliaire de puériculture,,,,,
,,,,Brancardier,,,,,
,,,,Cardiologue,,,,,
,,,,Chiropracteur,,,,,
,,,,Chirurgien,,,,,
,,,,Chirurgien-dentiste,,,,,
,,,,Dermatologue,,,,,
,,,,Diététicien,,,,,
,,,,Directeur d'établissement médical,,,,,
,,,,Ergothérapeute,,,,,
,,,,Gynécologue - obstétricien,,,,,
,,,,Infirmier,,,,,
,,,,Infirmier anesthésiste,,,,,
,,,,Infirmier de bloc opératoire,,,,,
,,,,Infirmier hygéniste,,,,,
,,,Ingénierie,Ingénieur en recherche clinique,,,,,
,,,Ingénierie,Ingénieur sécurité sanitaire,,,,,
,,,,Kinésithérapeuthe,,,,,
,,Humanitaire - Social - Service à la personne,Humanitaire,Logisticien humanitaire,,,,,
,,,,Manipulateur d'électroradiologie médicale,,,,,
,,,,Médecin,,,,,
,,,,Médecin légiste,,,,,
,,,,Ophtalmologiste,,,,,
,,,,Opticien-lunetier,,,,,
,,,,Optométriste,,,,,
,,Tourisme - Sport - Loisirs - Animation,,Pisteur secouriste,,,,,
,,Humanitaire - Social - Service à la personne,,Responsable de mission humanitaire,,,,,
,,Humanitaire - Social - Service à la personne,Secours,Sapeur-pompier,,,,,
,,,,Sage-femme / Maïeuticien,,,,,
,,,,Secrétaire médicale,,,,,
,,Humanitaire - Social - Service à la personne,,Technicien de l'intervention sociale et familiale,,,,,
,,Sciences,,Technicien de laboratoire,,,,,
,,,,,,,,,
,Sécurité - Défense,,,Adjoint de sécurité,,,,,
,,,,Agent de la sûreté ferroviaire ,,,,,
,,,,Agent de prévention et de médiation,,,,,
,,,,Agent de prévention et de sécurité,,,,,
,,,,Agent de sûreté aéroportuaire,,,,,
,,,,Agent vérificateur d'appareils extincteurs,,,,,
,,,,Avitaileur avon,,,,,
,,,,Commissaire de police,,,,,
,,,,Contrôleur de défence aérienne,,,,,
,,,,Convoyeur de fonds,,,,,
,,,,Démineur,,,,,
,,,,Détective privé,,,,,
,,,,Douanier,,,,,
,,,,Electronicien de l'armée de l'air,,,,,
,,,,Exploitant renseignements de l'amée de l'air ,,,,,
,,,,Fusilier commando de l'armée de l'air,,,,,
,,,,Garde du corps,,,,,
,,,,Garde républicain,,,,,
,,,,Gardien d'immeuble,,,,,
,,,,Gardien de la paix,,,,,
,,,,Gendarme ,,,,,
,,,,Gendarme adjoint volontaire,,,,,
,,,,Gendarme motocycliste ,,,,,
,,Réparation - Mécanique - Maintenance,,Ingénieur sécurité sanitaire,,,,,
,,,,Installateur d'alarmes,,,,,
,,,,Intercepteur technique et graphie de l'armée de l'air,,,,,
,,,,Intercepteur traducteur de l'armée de l'air,,,,,
,,,,Lieutenant de police,,,,,
,,Animaux,,Maître-chien / Agent cynophile de sécurité,,,,,
,,Industrie - Transport - Logistique / Réparation - Mécanique - Maintenance,,Mécanicien avionique de l'armée de l'air,,,,,
,,,,Maître nageur sauveteur,,,,,
,,,,Mécanicien avionique de l'armée de l'air,,,,,
,,,,Moniteur de simulateur de vol de l'armée de l'air,,,,,
,,,,Officier de carrière,,,,,
,,,,Officier de police,,,,,
,,,,Patrouilleur autoroutier,,,,,
,,,,Pilote de chasse,,,,,
,,,,Pilote d'hélicoptère,,,,,
,,,,Pilote militaire d'hélicoptère,,,,,
,,,,Pisteur secouriste,,,,,
,,,,Policier municipal,,,,,
,,,,Responsable de sécurité informatique,,,,,
,,Environnement - Nature,,"Responsable hygiène, sécurité, environnement",,,,,
,,Services publics / Santé - Médecine,Secours,Sapeur-pompier,,,,,
,,Réparation,,Serrurier dépanneur,,,,,
,,,,Superviseur de traffic,,,,,
,,,,Surveillant de baignade,,,,,
,,,,Surveillant pénitentiaire,,,,,
,,,,Technicien armement de l'armée de l'air,,,,,
,,,,Technicien de la police technique et scientifique,,,,,
,,,,Technicien photo-communication de l'armée de l'air,,,,,
,Services publics,,,,,,,,
,,Santé - Médecine / Sécurité - Défense,Secours,Sapeur-pompier,,,,,
,,,,Releveur de compteur,,,,,
,,,,,,,,,
,Sciences,,Biologie,Agent de stérilisation,,,,,
,,Animaux,Biologie,Animalier de laboratoire,,,,,
,,Environnement - Nature / Urbanisme - Patrimoine,,Archéologue,,,,,
,,Environnement - Nature / Urbanisme - Patrimoine,,Archélogue territorial,,,,,
,,Informatique - Numérique - Multimédia,Biologie,Bio-informaticien,,,,,
,,Environnement - Nature,,Botaniste,,,,,
,,,Biologie,Biologiste,,,,,
,,,,Chercheur,,,,,
,,,Sciences humaines,Démographe,,,,,
,,,Sciences humaines,Ethnologue,,,,,
,,,,Géographe,,,,,
,,Environnement - Nature,Biologie,Hydrobiologiste,,,,,
,,Environnement - Nature,,Hydrogéologue,,,,,
,,,Biologie,Technicien biologiste,,,,,
,,,,Technicien de la police technique et scientifique,,,,,
,,Environnement - Nature,,Technicien de la qualité de l'eau,,,,,
,,,,Technicien de laboratoire,,,,,
,,,,Thanatopracteur,,,,,
,,Agroalimentaire,Chimie,Aromaticien,,,,,
,,,Chimie,Créateur de parfum,,,,,
,,Viticulture,,Œnologue,,,,,
,,,Chimie,Technicien chimiste,,,,,
,,,Chimie,Technicien de mesure de la pollution,,,,,
,,Santé - Médecine,,Technicien de laboratoire,,,,,
,,,Chimie,Technicien galéniste,,,,,
,,,Ingénierie,Ingénieur de recherche produit,,,,,
,,,,Rudologue,,,,,
,,Education - Enseignement - Formation,,Géographe,,,,,
,,,,,,,,,
,,Environnement - Nature,,Archéologue,,,,,
,,Environnement - Nature,,Météorologue,,,,,
,,Environnement - Nature,,Océanographe,,,,,
,,Environnement - Nature,,Pédologue,,,,,
,,Communication - Information,,Archiviste,,,,,
,,Communication - Information / Culture - Art - Spectacle - Audiovisuel,,Journaliste scientfique,,,,,
,,,Sciences humaines,Sociologue,,,,,
,,,Ingénierie,Ingénieur d'étude et de développement,,,,,
,,,,,,,,,
,,,,,,,,,
,Télécommunication,,,,,,,,
,,,,,,,,,
,Transport - Logistique,,,Affréteur,,,,,
,,Santé - Médecine,,Ambulancier,,,,,
,,,,Conducteur routier,,,,,
,,,,Pilote d'avion,,,,,
,,,,Pilote d'hélicoptère,,,,,
,,,,Pilote militaire d'hélicoptère,,,,,
,,,,Responsable logistique,,,,,
,,,Automobile,Designer automobile,,,,,
,,,Automobile,Expert automobile,,,,,
,,,,,,,,,
,,,,,,,,,
,Tourisme - Sport - Loisirs - Animation,Animaux,,Accompagnateur de tourisme équestre,,,,,
,,,,Accompnateur de moyenne montage,,,,,
,,,,Agent de réservation,,,,,
,,,,Animateur de club de vacances,,,,,
,,,,Bagagiste groom,,,,,
,,Hotellerie - Restauration - Café,,Barman / Barmaid,,,,,
,,Culture - Art - Spectacle - Audiovisuel,,Billettiste,,,,,
,,,,Chargé d'accueil en office du tourisme,,,,,
,,,,Chef de comptoir,,,,,
,,,,Commissaire de bord,,,,,
,,,,Concierge d'hôtel,,,,,
,,,,Conseiller en développement local,,,,,
,,,,Croupier,,,,,
,,,,Dameur,,,,,
,,,,Directeur d'office de tourisme,,,,,
,,,,Disc-jockey,,,,,
,,Commerce,,Exploitant d'équipements de loisirs,,,,,
,,,,Forfaitiste,,,,,
,,,,Gardien de refuge de montagne,,,,,
,,,,Guide accompagnateur,,,,,
,,,,Guide interprète,,,,,
,,,,Loeur de bateaux,,,,,
,,,,Ludothécaire,,,,,
,,Réparation - Mécanique - Maintenance,,Nivoculteur,,,,,
,,Santé - Médecine,,Pisteur secouriste,,,,,
,,,,Perchiste de remontée mécanique,,,,,
,,,,Responsable de produits voyages,,,,,
,,,,Technicien de maintenance de mahcines à sous,,,,,
,,,,Yield manager,,,,,
,Urbanisme - Patrimoine,Environnement - Nature / Sciences,,Archéologue,,,,,
,,Environnement - Nature / Sciences,,Archéologue territorial,,,,,
,,,,Architecte paysagiste,,,,,
,,,,Chargé de mission patrimoine culturel,,,,,
,,,,Conseiller en développement local,,,,,
,,,,Géomètre topographe,,,,,
,,,,Urbaniste,,,,,