sector,activity_area,Secteur d'activité connexe,label,category,Qualification,Expositions,Risques,Examens utiles
Secteur primaire,Agriculture,,Production,Arboriculteur,Apprenti,,,
,,,Production,Chef d'exploitation laitière,Employé,,,
,,,Production,Chef de culture,Employé polyvalent,,,
,,,Production,Conducteur d'engins d'exploitation agricole,Ouvrier,,,
,,,Production,Horticulteur,Ouvrier qualifié,,,
,,,Production,Maraicher,,,,
,,,Production,Ouvrier agricole,,,,
,,,Production,Ouvrier de production sous serre,,,,
,,,Ingénierie,Ingénieur de recherche produit,,,,
,,,Ingénierie,"Ingénieur des ponts, des eaux et forêts",,,,
,,,Ingénierie,Ingénieur en élevage et production animale,,,,
,Agroalimentaire,,Production,Pisciculteur,,,,
,,,Production,Aquaculteur,,,,
,,,Production,Conchyculteur - Ostréiculteur,,,,
,,,Production,Opérateur en transformation des viandes,,,,
,,,Production,Pilote d'installation automatisée,,,,
,,,Production,Préparateur de recettes,,,,
,,,Production,Préparateur en produits de la mer,,,,
,,,Production,Technicien biologiste,,,,
,,,Production,Qualiticien,,,,
,,,Chimie,Aromaticien,,,,
,,,Ingénierie,Ingénieur de recherche produit,,,,
,,,Ingénierie,Ingénieur agroalimentaire,,,,
,Exploitation forestière - Sylviculture,,,Garde forestier,,,,
,Exploitation minière,,,Mineur,,,,
,Viticulture,,,Maitre de chai,,,,
,,Hotellerie - Restauration - Café - Alimentaire,,Caviste,,,,
,,Sciences,,Œnologue,,,,
,,,,Ouvrier viticole ,,,,
,,Hotellerie - Restauration - Café - Alimentaire,,Sommelier,,,,
,,,,Viticulteur,,,,
Secteur secondaire,Bâtiment - Travaux Publics - Matériaux,,,Acousticien,Hôte d'accueil,,,
,,,,Agent de maintenance du bâtiment,Employé,,,
,,,,Ascensoriste,Employé polyvalent,,,
,,,,Canalisateur,Ouvrier,,,
,,,,Carreleur,Ouvrier qualifié,,,
,,,Bois,Charpentier,Secrétariat,,,
,,,,Chef de chantier,,,,
,,,Bois,Coffreur-boiseur,,,,
,,,,Conducteur de travaux,,,,
,,,,Conducteur d'engin de BTP,,,,
,,,,Cordiste,,,,
,,,,Couvreur,,,,
,,,,Dessinateur en bâtiment,,,,
,,,,Dessinateur industriel,,,,
,,,,Domoticien,,,,
,,,,Electricien du bâtiment,,,,
,,,,Etanchéiste,,,,
,,,,Facadier,,,,
,,,Métaux,Ferronier,,,,
,,,,Foreur,,,,
,,,,Géometre topographe,,,,
,,,,Grutier,,,,
,,Environnement - Nature,,Installateur de panneaux solaires,,,,
,,,,Maçon,,,,
,,,,Matérieriste-coloriste,,,,
,,,,Mécanicien d'engins de chantier,,,,
,,,Bois,Menuisier,,,,
,,,,Métreur,,,,
,,Architecture - Aménagement d'intérieur,Verre,Miroitier,,,,
,,,,Monteur en installations sanitaires,,,,
,,,,Monteur en installations thermiques,,,,
,,,,Monteur-câbleur,,,,
,,,,Opérateur de démolition,,,,
,,,,Peintre en bâtiment,,,,
,,,,Peintre en décors,,,,
,,,,Piscinier,,,,
,,,,Planificateur de production,,,,
,,,,Plaquiste,,,,
,,,,Plâtrier,,,,
,,,,Plombier,,,,
,,,Métaux,Serrurier métallier,,,,
,,,,Solier-moquettiste,,,,
,,,Métaux,Soudeur,,,,
,,,,Staffeur-ornemaniste,,,,
,,,,Tailleur de pierre,,,,
,,,Technicien,Technicien de maintenance sur éolienne,,,,
,,,,Terrassier,,,,
,,,,Urbaniste,,,,
,,,Verre,Verrier au chalumeau,,,,
,,,,Opérateur sur machine à commande numérique,,,,
,,,,Opérateur régleur sur machine automatisée,,,,
,,,,Pilote d'installations automatisées,,,,
,,,Construction navale,Charpentier de marine,,,,
,,,Construction navale,Peintre en construction navale,,,,
,,,Bois,Conducteur de séchoir à bois,,,,
,,,Bois,Charpentier,,,,
,,,Bois,Coffreur-boiseur,,,,
,,,Bois,Menuisier,,,,
,,,Métaux,Affûteur,,,,
,,,Métaux,Bronzier,,,,
,,,Métaux,Chaudronnier tôlier,,,,
,,,Métaux,Conducteur de portiques de scierie,,,,
,,,Métaux,Métallier,,,,
,,,Métaux,Opérateur de forge,,,,
,,,Métaux,Serrurier métallier,,,,
,,,Métaux,Soudeur,,,,
,Industrie - Transport - Logistique,,Ingénierie,Ingénieur packaging,,,,
,,,Industrie pétrolière,Plongeur professionnel,,,,
,,,Textile,Patronnier-gradeur,,,,
,,,Ingénierie,Ingénieur aéronautique et aérosptial,,,,
,,,Ingénierie,Ingénieur de fabrication,,,,
,,,Ingénierie,Ingénieur de production,,,,
,,,Ingénierie,Ingénieur de recherche produit,,,,
,,,Ingénierie,Ingénieur en science des matériaux,,,,
,,,Ingénierie,Ingénieur férroviaire,,,,
,,,Ingénierie,Ingénieur lean,,,,
,,,Ingénierie,Ingénieur packaging,,,,
,,,Automobile,Designer automobile,,,,
,,Informatique,Automobile,Electricien électronicien automobile,,,,
,,,Ingénierie,Ingénieur aéronautique et aérospatial ,,,,
,,Bâtiment - Travaux Publics - Matériaux,Construction navale,Charpentier de marine,,,,
,,Bâtiment - Travaux Publics - Matériaux,Construction navale,Peintre en construction navale,,,,
,,,,Concepteur d'emballages,,,,
Secteur tertiaire,Animaux,Tourisme - Sport - Loisirs - Animation,,Accompagnateur de tourisme équestre,Hôte d'accueil,,,
,,,,Moniteur d'équitation,Employé,,,
,,,Production,Accouveur,Employé polyvalent,,,
,,,Production,Animalier de laboratoire,Secrétariat,,,
,,,Production,Apiculteur,Assistant,,,
,,Agriculture,Production,Chef d'exploitation laitière,Consultant,,,
,,Agriculture,Production,Chef d'exploitation laitière,Représentant,,,
,,Agriculture,Production,Chef d'exploitation laitière,Commercial,,,
,,,Production,Eleveur de chiens,Technicien,,,
,,,Production,Eleveur de chevaux,,,,
,,,Production,Inséminateur,,,,
,,,Commerce,Taxidermiste,,,,
,,Commerce,Commerce,Vendeur en animalerie,,,,
,,,Soins,Auxilliaire vétérinaire,,,,
,,,Soins,Comportementaliste,,,,
,,,Soins,Educateur de chiens guide d'aveugle,,,,
,,,Soins,Educateur canin,,,,
,,,Soins,Maître chien,,,,
,,Sécurité - Défense,,Maître-chien / Agent cynophile de sécurité,,,,
,,,Soins,Maréchal-ferrant,,,,
,,,Soins,Pelefrenier,,,,
,,,Soins,Soigneur de chevaux,,,,
,,,Soins,Toiletteur d'animaux,,,,
,,,Soins,Vétérinaire,,,,
,,,Sport,Jockey,,,,
,,,,Zoologiste,,,,
,Assurance,,,,,,,
,,,,,,,,
,,,,,,,,
,Architecture - Aménagement d'intérieur,,,Agenceur de cuisine,,,,
,,,,Antiquaire,,,,
,,,,Architecte,,,,
,,,,Architecte d'intérieur,,,,
,,,,Architecte paysagiste,,,,
,,,,Caneur-rempailleur,,,,
,,,,Conservateur territorial du patrimoine,,,,
,,,,Décorateur d'intérieur,,,,
,,Bâtiment - Travaux Publics - Industrie - Matériaux,,Menuisier,,,,
,,,,Menuisier en sièges,,,,
,,Bâtiment - Travaux Publics - Industrie - Matériaux,,Miroitier,,,,
,,,,Peintre en décor,,,,
,,,,Restaurateur conservateur,,,,
,,,,Restaurateur d'œuvres d'art,,,,
,,Bâtiment - Travaux Publics - Industrie - Matériaux,,Solier-moquettiste,,,,
,,Bâtiment - Travaux Publics - Industrie - Matériaux,,Staffeur-ornemaniste,,,,
,,,,Tapissier d'ameublement,,,,
,,,,Tailleur de pierre,,,,
,,Bâtiment - Travaux Publics - Industrie - Matériaux,,Verrier au chalumeau,,,,
,,Bâtiment - Travaux Publics - Industrie - Matériaux,,Vitralliste,,,,
,Artisanat,,Bijoux,Bijoutier-joaillier,,,,
,,,Bijoux,Gemmologue,,,,
,,,Bijoux,Orfèvre,,,,
,,,Métaux,Armurier,,,,
,,,Métaux,Bronzier,,,,
,,,Métaux,Coutellier,,,,
,,,Métaux,Ferronier d'art,,,,
,,,Métaux,Graveur,,,,
,,,Bois,Ebéniste,,,,
,,,Bois,Encadreur,,,,
,,,Confection,Costumier,,,,
,,,Confection,Modéliste,,,,
,,,Confection,Modiste - Chapelier,,,,
,,,Confection,Retoucheur,,,,
,,,Confection,Styliste,,,,
,,,Musique,Facteur d'orgues,,,,
,,,Musique,Facteur de piano,,,,
,,,Musique,Facteur instrumental,,,,
,,,Musique,Luthier,,,,
,,,Musique,Réparateur d'instrument de musique,,,,
,,,,Céramiste à la main,,,,
,,,,Horloger,,,,
,,,,Maroquinier,,,,
,,,,Relieur-doreur,,,,
,,,,Shaper,,,,
,Audit - Conseil - Gestion - Ressources humaines,Banque - Finance - Assurance,,Assistant comptable,,,,
,,,,Assistant de gestion PME / PMI,,,,
,,,,Assistant de manager international,,,,
,,,,Assistant de ressources humaines,,,,
,,,,Auditeur externe,,,,
,,,,Chargé d'études marketing,,,,
,,,,Chargé de recrutement territorial,,,,
,,,,Coach professionnel,,,,
,,Banque - Finance - Assurance,,Commissaire aux comptes,,,,
,,Banque - Finance - Assurance,,Comptable,,,,
,,,,Conseiller en développement local,,,,
,,,,Contrôleur du travail,,,,
,,Banque - Finance - Assurance,,Credit manager,,,,
,,Commerce,,Directeur de grand magasin,,,,
,,,,Directeur des ressources humaines,,,,
,,Commerce,,Directeur du marketing,,,,
,,Commerce,,Directeur commercial,,,,
,,Banque - Finance - Assurance,,Fiscaliste,,,,
,,,,Manager des organisations,,,,
,,,,Manager de risques / Risk manager,,,,
,,,,Rédacteur territorial,,,,
,,,,Responsable d'agence,,,,
,,,,Responsable d'agence intérim,,,,
,,Commerce,,Responsable marketing,,,,
,Banque - Finance - Assurance,,,Actuaire,,,,
,,Audit - Conseil - Gestion - Ressources humaines,,Assistant comptable,,,,
,,,,Agent général d'assurance,,,,
,,,,Analyste financier,,,,
,,,,Assistant comptable,,,,
,,,,Auditeur externe,,,,
,,,,Chargé de clientèle bancaire,,,,
,,,,Chargé de communication financière,,,,
,,Humanitaire,,Collecteur de fonds,,,,
,,Audit - Conseil - Gestion - Ressources humaines,,Comptable,,,,
,,Audit - Conseil - Gestion - Ressources humaines,,Commissaire aux comptes,,,,
,,,,Conseiller en microcrédit,,,,
,,,,Controleur de gestion,,,,
,,,,Courtier en assurances,,,,
,,,,Credit manager,,,,
,,,Technicien,Dabiste,,,,
,,,,Directeur financier,,,,
,,Audit - Conseil - Gestion - Ressources humaines,,Expert-compable,,,,
,,Audit - Conseil - Gestion - Ressources humaines,,Fiscaliste,,,,
,,,,Gérant de portefeuille,,,,
,,,,Gestionnaire de patrimoine,,,,
,,,,Guichetier chargé d'accueil bancaire,,,,
,,,,Opérateur de traitement de valeurs,,,,
,,,,Rédacteur en assurances,,,,
,,,,Responsable d'agence bancaire,,,,
,,,,Trader,,,,
,Commerce,,,Acheteur,,,,
,,Communication - Information,,Acheteur d'espaces publicitaires,,,,
,,,,Caissier,,,,
,,,,Chef de produit marketing ,,,,
,,Informatique,,Chef de projet e-CRM,,,,
,,,,Chef de rayon,,,,
,,,,Client mystère professionnel,,,,
,,,,Commerçant en alimentation,,,,
,,,,Commercial,,,,
,,,,Commercial à bord des trains,,,,
,,Audit - Conseil - Gestion - Ressources humaines,,Directeur commercial,,,,
,,Audit - Conseil - Gestion - Ressources humaines,,Directeur de grand magasin,,,,
,,Audit - Conseil - Gestion - Ressources humaines,,Directeur du marketing,,,,
,,,,E-marchandiser,,,,
,,,,Employé de pressing,,,,
,,,,Employé de statiion service,,,,
,,,,Employé de libre service,,,,
,,,,Etalagiste - décorateur,,,,
,,Sport  - Loisirs - Animation,,Exploitant d'équipements de loisirs,,,,
,,,,Fleuriste ,,,,
,,,,Installateur de magasin,,,,
,,Edition - Imprimerie - Livre,,Libraire,,,,
,,,,Loueur de bateaux,,,,
,,,Automobile,Loueur de voiture,,,,
,,,,Marchand ambulant,,,,
,,,,Marchandiser,,,,
,,,,Monteur-vendeur en optique lunetterie,,,,
,,,,Représentant vendeur de véhicule,,,,
,,,,Responsable affiliation et partenariats sur le web,,,,
,,,,Responsable de magasin,,,,
,,,,Responsable de plateforme téléphonique,,,,
,,,,Skiman,,,,
,,,,Téléconseiller,,,,
,,,,Télévendeur,,,,
,,,,Vendeur d'article de sport,,,,
,,,,Vendeur de jouets,,,,
,,,,Vendeur en animalerie,,,,
,,,,Vendeur en magasin,,,,
,,,,Vendeur en micro-informatique et multimédia,,,,
,,,,Vendeur export,,,,
,,,,Webmarketer,,,,
,,,,Wedding planner,,,,
,,,,Yield manager,,,,
,,,Ingénierie,Ingénieur technico-commercial,,,,
,Communication - Information,Commerce,,Acheteur d'espaces publicitaires,,,,
,,,,Archiviste,,,,
,,,,Assistant de communication,,,,
,,,,Attaché de presse,,,,
,,,,Chargé d'étude de marketing,,,,
,,Banque - Finance - Assurance,,Chargé de communication financière,,,,
,,,,Chargé de diffusion,,,,
,,,,Chargé de mission patrimoine culturel,,,,
,,,,Chargé de relations publiques,,,,
,,,,Chargé d'habillage et d'autopromotion,,,,
,,,,Chef de publicité,,,,
,,,,Concepteur rédacteur,,,,
,,,,Dessinateur de presse,,,,
,,,,Designer produit,,,,
,,Culture - Art - Spectacle,,Directeur artistique,,,,
,,,,Documentaliste,,,,
,,,,Enquêteur,,,,
,,,,Gestionnaire d'antenne,,,,
,,,,Iconographe,,,,
,,,,Interprète,,,,
,,,,Journaliste d'entreprise,,,,
,,,,Journaliste reporter d'images,,,,
,,,,Média-planner,,,,
,,,,Pigiste,,,,
,,,,Rédacteur technique,,,,
,,,,Responsable de communication,,,,
,,,,Responsable de la communication financière,,,,
,,,,Responsable marketing,,,,
,,,,Standardiste,,,,
,,,,Stéréotypiste de conférence,,,,
,,,,Traducteur,,,,
,Culture - Art - Spectacle,,Artistes,Auteur,,,,
,,,Artistes,Agent artistique,,,,
,,,Artistes,Artiste-peintre,,,,
,,,Artistes,Cascadeur,,,,
,,,Artistes,Chanteur,,,,
,,,Artistes,Danseur,,,,
,,,Artistes,Comédien,,,,
,,,Artistes,Documentariste,,,,
,,,Artistes,Mannequin,,,,
,,,Artistes,Maquilleur artistique,,,,
,,,Artistes,Marionnettiste,,,,
,,,Artistes,Musicien ,,,,
,,,Artistes,Musicien intervenant,,,,
,,,Artistes,Photographe,,,,
,,,Artistes,Scripte,,,,
,,,Artistes,Story-boarder,,,,
,,,,,,,,
,,,,,,,,
,,,,Médiateur culturel,,,,
,,Education - Enseignement - Formation,,Musicologue,,,,
,,,,,,,,
,,,Décor,Accessoiriste,,,,
,,,Décor,Décorateur scénographe,,,,
,,,Décor,Habilleur,,,,
,,,,Modéliste,,,,
,,,,Styliste,,,,
,,Informatique,Image,Animateur 3D,,,,
,,Informatique,Image,Directeur artistique 3D,,,,
,,Informatique,Image / Ingénierie,Ingénieur en réalité virtuelle,,,,
,,Informatique,,Modeleur 3D,,,,
,,Informatique,,Progammeur technique de jeux vidéos,,,,
,,Informatique,,Scénariste multimédia,,,,
,,Informatique,,Scripte de jeux vidéos,,,,
,,,Image,Projectionniste,,,,
,,,Image,Technicien de labo photo,,,,
,,,,Monteur image et son,,,,
,,,Lumière,Artificier,,,,
,,,Lumière,Technicien lumière,,,,
,,,Production,Cadreur,,,,
,,,Production,Chargé de diffusion,,,,
,,,Production,Chargé de production,,,,
,,,Production,Chargé de programmation,,,,
,,,Production,Gestionnaire d'antenne,,,,
,,Informatique,Production,Producer,,,,
,,,,,,,,
,,,Régie,Agent d'exploitation des équipements audiovisuels,,,,
,,,Régie,Chef machnisite,,,,
,,,Régie,Chef constructeur,,,,
,,,Régie,Chef opérateur,,,,
,,,Régie,Machiniste,,,,
,,,Régie,Régisseur de spectacles,,,,
,,,,,,,,
,,,Son / Ingénierie,Ingénieur du son,,,,
,,Informatique,Son,Sound designer,,,,
,,,Son,Mixeur son ,,,,
,,,Son,Technicien son,,,,
,,,Image / Son,Opérateur synthétiseur,,,,
,,,,,,,,
,,,,,,,,
,,,,,,,,
,,,,,,,,
,,Tourisme - Sport - Loisirs - Animation,,Billettiste,,,,
,Droit,,,Actuaire,,,,
,,,,Administrateur de biens,,,,
,,,,Administrateur judiciaire,,,,
,,,,Attaché territorial,,,,
,,,,Avocat,,,,
,,,,Chargé de recrutement territorial,,,,
,,,,Clerc de notaire,,,,
,,,,Contrôleur du travail,,,,
,,,,Correspondant Informatique et Libertés,,,,
,,,,Greffier,,,,
,,,,Huissier de justice,,,,
,,,,Juge,,,,
,,,,Juge pour enfants,,,,
,,,,Magistrat,,,,
,,,,Médecin légiste,,,,
,,,,Notaire,,,,
,,,,Officier d'état civil,,,,
,,,,Procureur,,,,
,,,,Rédacteur en assurances,,,,
,,,,Rédacteur territorial,,,,
,,,,Secrétaire de mairie,,,,
,,,,Secrétaire juridique,,,,
,Edition - Imprimerie - Livre,,,Auteur,,,,
,,,,Bibliothécaire,,,,
,,,,Chef d'atelier des industrices graphiques,,,,
,,,,Chef de fabrication des industries graphiques,,,,
,,,,Chefde projet numérique édition,,,,
,,,,Conducteur de machines d'assemblages,,,,
,,,,Conducteur de presse numérique,,,,
,,,,Conducteur de presse offset,,,,
,,,,Conservateur de bibliothèque,,,,
,,,,Correcteur,,,,
,,,,Directeur de collection,,,,
,,Culture - Art - Spectacle,,Directeur artistique ,,,,
,,,,Documentaliste,,,,
,,,,Iconographe,,,,
,,,,Illustrateur,,,,
,,,,imprimeur,,,,
,,Commerce,,Libraire,,,,
,,,,Maquettiste,,,,
,,,,Opérateur en PAO,,,,
,,,,Opératrice de saisie,,,,
,,,,Packager éditorial,,,,
,,,,Rédacteur en chef,,,,
,,,,Rédacteur technique,,,,
,,,,Relieur-doreur,,,,
,,,,Secrétaire d'édition,,,,
,,,,Secrétaire de rédaction,,,,
,,,,Sérigraphe,,,,
,,,,Technicien de fabrication dans l'industrie graphique,,,,
,,,,Technicien PAO,,,,
,,,,Traducteur,,,,
,,,Commerce,Chef de projet e-commerce livre,,,,
,,,Commerce,Délégué commercial édition,,,,
,,,Commerce,Libraire,,,,
,Education - Enseignement - Formation - Langues,,,Agent territorial spécialisé des écoles maternelles - ATSEM,,,,
,,,,Animateur de formation,,,,
,,,,Auxilliaire de vie scolaire,,,,
,,Recherche,,Chercheur,,,,
,,,,Conseiller principal d'éducation - CPE,,,,
,,,,Conseillère d'orientation,,,,
,,,,Educateur spécialisé,,,,
,,Informatique,,Formateur multmédia,,,,
,,,,Formateur,,,,
,,Sciences,,Géographe,,,,
,,,,Interprète,,,,
,,,,Maître de conférence,,,,
,,,,Moniteur d'auto-école,,,,
,,,,Musicologue,,,,
,,,,Professeur d'arts plastiques,,,,
,,,,Professeur d'éducation physique et sportive,,,,
,,,,Professeur d'université,,,,
,,,,Professeur de français langue étrangère (FLE),,,,
,,,,Professeur de langue des signes française (LSF),,,,
,,,,Professeur de lycée et collège,,,,
,,,,Professeur de musique,,,,
,,,,Professeur des écoles,,,,
,,,,Professeur documentaliste,,,,
,,Santé - Médecine,,Psychologue scolaire,,,,
,Entretien - Nettoyage,,,Agent de stérilisation,,,,
,,,,Agent d'entretien et d'assainissement,,,,
,,,,Agent d'entretien et de nettoyage urbain,,,,
,,,,Agent de propreté et d'hygiène,,,,
,,Santé - Médecine,,Agent de propreté hospitalière,,,,
,,,,Agent de propreté spécialisé,,,,
,,,,Agent d'entretien et de rénovation,,,,
,,,,Agent machiniste,,,,
,,,,Agent qualifié en ultrapropreté,,,,
,,,,Ambassadeur du tri,,,,
,,,,Animateur environnement,,,,
,,,,"Animateur qualité, sécurité et développement durable",,,,
,,Environnement - Nature,,Chef de prohet sites et sols pollués,,,,
,,Environnement - Nature,,Conducteur de station d'épuration,,,,
,,,,Eboueur,,,,
,,,,Laveur de vitres,,,,
,,Environnement - Nature,,Technicien traitement déchets,,,,
,,,,,,,,
,Environnement - Nature,Sciences,Scientifique,Archéologue,,,,
,,,Scientifique,Archéologue territorial,,,,
,,,,Arboriculteur,,,,
,,,,Architecte paysagiste,,,,
,,,,Acousticien,,,,
,,Sciences,Scientifique,Botaniste,,,,
,,,,Bûcheron,,,,
,,,,Cartographe,,,,
,,,,Chargé de mission patrimoine naturel,,,,
,,,,Chauffeur grumier,,,,
,,Entretien - Nettoyage,,Chef de prohet sites et sols pollués,,,,
,,,,Conducteurs d'engins forestiers,,,,
,,Entretien - Nettoyage,,Conducteur de station d'épuration,,,,
,,,,Conservateur territorial du patrimoine,,,,
,,,,Directeur de parc naturel,,,,
,,,,Eco-concepteur,,,,
,,,,Eco-conseiller,,,,
,,,,Econome de flux,,,,
,,,,Ecotoxicologue,,,,
,,,,Elagueur,,,,
,,,,Garde du littoral,,,,
,,,,Garde-chasse,,,,
,,,,Garde-pêche,,,,
,,,,Horticulteur,,,,
,,,,Jardinier,,,,
,,,,Jardinier de golf,,,,
,,,,Hydraulicien,,,,
,,Sciences,,Hydrobiologiste,,,,
,,Sciences,,Hydréogéologue,,,,
,,,Ingénierie,Ingénieur d'études des milieux naturels,,,,
,,,Ingénierie,Ingénieur sécurité sanitaire,,,,
,,Bâtiment - Travaux Publics - Industrie - Matériaux,,Installateur de panneaux solaires,,,,
,,Sciences,,Météorologue,,,,
,,Sciences,,Océanographe,,,,
,,,,Ouvrier de production sous serre,,,,
,,,,Paysagiste,,,,
,,Sciences,,Pédologue,,,,
,,,,Pépiniériste,,,,
,,,,Responsable de secteur dans un espace naturel,,,,
,,Sécurité - Défense,,"Responsable hygiène, sécurité, environnement",,,,
,,Sciences,Technicien,Technicien de la qualité de l'eau,,,,
,,,Technicien,Technicien de mesure de la pollution,,,,
,,Entretien - Nettoyage,Technicien,Technicien traitement déchets,,,,
,,,Technicien,Technicien de maintenance sur éolienne,,,,
,,,Technicien,Technicien eau et installation saniraires,,,,
,,,Technicien,Technicien forestier,,,,
,,,,,,,,
,,,,,,,,
,Hotellerie - Restauration - Café - Alimentaire,Tourisme - Sport - Loisirs - Animation,,Barman / Barmaid,,,,
,,,,Brasseur - malteur,,,,
,,,,Boulanger,,,,
,,,,Boucher,,,,
,,,,Caviste,,,,
,,,,Charcutier-traiteur,,,,
,,,,Commis de cuisine,,,,
,,,,Chocolatier - confiseur,,,,
,,,,Commerçant en alimentation,,,,
,,,,Cuisinier,,,,
,,,,Détaillant en fruits et légumes,,,,
,,,,Directeur d'hôtel,,,,
,,,,Directeur de restaurant,,,,
,,,,Employé de restaurant,,,,
,,,,Employé de libre service,,,,
,,,,Femme de chambre,,,,
,,,,Garçon de café / Serveur,,,,
,,,,Gérant d'hôtel,,,,
,,,,Gouvernant d'hôtel,,,,
,,,Technicien,Frigoriste,,,,
,,,,Fromager,,,,
,,,,Glacier,,,,
,,,,Hôte d'accueil,,,,
,,,,Hôtesse de l'air / Steward,,,,
,,,,Maître d'hôtel,,,,
,,,,Maître restaurateur,,,,
,,,,Pâtissier,,,,
,,,,Plongeur,,,,
,,,,Poissonnier,,,,
,,,,Pizzaiolo,,,,
,,,,Réceptionniste,,,,
,,,,Serveur de restaurant,,,,
,,,,Sommelier,,,,
,Humanitaire - Social - Service à la personne,Banque - Finance - Assurance,,Collecteur de fonds,,,,
,,,,Développeur humanitaire rural,,,,
,,,,Développeur humanitaire urbain,,,,
,,Santé - Médecine,,Logisticien humanitaire,,,,
,,Santé - Médecine,,Responsable de mission humanitaire,,,,
,,Santé - Médecine,,Sapeur-pompier,,,,
,,Santé - Médecine,,Technicien de l'intervention sociale et familiale,,,,
,,,,,,,,
,,,,,,,,
,,,,,,,,
,Immobilier,,,Administrateur de biens,,,,
,,,,Agent de gestion locative,,,,
,,,,Agent immobilier,,,,
,,,,Diagnostiqueur immobilier,,,,
,,,,Expert immobilier,,,,
,,,,Gardien d'immeuble,,,,
,,,,Responsable de produits immobiliers,,,,
,,,,Syndic de copropriété,,,,
,Informatique,,,Administrateur de base de données,,,,
,,Culture - Art - Spectacle,,Animateur 3D,,,,
,,,,Automaticien ,,,,
,,Sciences,,Bio-informaticien,,,,
,,,,Bobinier,,,,
,,Commerce,,Chef de projet e-CRM,,,,
,,,,Consultant technique,,,,
,,,,Contrôleur en électricité et électronique,,,,
,,,,Correspondant en Informatique et Libertés,,,,
,,,,Data analyst / Data scientist,,,,
,,,,Dépanneur en électroménager,,,,
,,,,Développeur informatique,,,,
,,,,Développeur multimédia,,,,
,,,,Développeur web,,,,
,,Culture - Art - Spectacle,,Directeur artistique 3D,,,,
,,,,Electricien de maintenance,,,,
,,Automobile,,Electricien électronicien automobile,,,,
,,Sécurité - Défense,,Electricien de l'armée de l'air,,,,
,,,,Fabmanager,,,,
,,Education - Enseignement - Formation,,Formateur multimédia,,,,
,,,,Game designer,,,,
,,Culture - Art - Spectacle,,Graphiste illustrateur 2D-3D,,,,
,,,,Hot liner,,,,
,,,Ingénierie,Ingénieur d'étude et de développement,,,,
,,,Ingénierie,Ingénieur de production,,,,
,,,Ingénierie,Ingénieur de recherche produit,,,,
,,Recherche / Sécurité - Défense,Ingénierie,Ingénieur aéronautique et aéorospatial,,,,
,,,Ingénierie,Ingénieur en intelligence artificielle - IA,,,,
,,,Ingénierie,Ingénieur réseau,,,,
,,,,Installateur antenniste,,,,
,,,,Installeur d'alarmes,,,,
,,,,Installateur en télécom,,,,
,,,,Intégrateur web,,,,
,,Sécurité - Défense,,Intercepteur technique et graphie de l'armée de l'air,,,,
,,,,Level designer,,,,
,,,,Mécatronicien,,,,
,,Culture - Art - Spectacle,,Modeleur 3D,,,,
,,,,Monteur électricien réseau,,,,
,,,,Opérateur régleur sur machine automatisée,,,,
,,,,Planificateur de production,,,,
,,Culture - Art - Spectacle,,Producer,,,,
,,Culture - Art - Spectacle,,Progammeur technique de jeux vidéos,,,,
,,,,Responsable de projets informatiques,,,,
,,,,Responsable de sécurité informatique,,,,
,,Culture - Art - Spectacle,,Scénariste multimédia,,,,
,,Culture - Art - Spectacle,,Scripte de jeux vidéos,,,,
,,Culture - Art - Spectacle,,Sound designer,,,,
,,,,Technicien de ligne haute tension,,,,
,,,,Technicien de maintenance de machines à sous,,,,
,,,,Technicien d'intervention clientèle gaz,,,,
,,,,Technicien imprimante 3D,,,,
,,,,Technicien de maintenance en distribution automatique,,,,
,,,,Technicien de maintenance informatique ,,,,
,,,,Technicien électronicien ,,,,
,,,,Testeur de jeux vidéos,,,,
,,,,Traffic manager,,,,
,,Commerce,,Vendeur en micro-informatique et multimédia,,,,
,,,,Webmaster,,,,
,Réparation,,,Serrurier-dépanneur,,,,
,,,,,,,,
,,,,,,,,
,Recherche,Education - Enseignement - Formation,,Chercheur,,,,
,,Aéronautique,,Ingénieur aéronautique et aérospatial,,,,
,,,,,,,,
,Santé - Médecine,Entretien - Nettoyage,,Agent de propreté hospitalière,,,,
,,Transport,,Ambulancier,,,,
,,,,Anesthésiste-réanimateur,,,,
,,,,Chirurgien,,,,
,,,,Infirmier,,,,
,,,,Infirmier anesthésiste,,,,
,,,,Infirmier de bloc opératoire,,,,
,,,Ingénierie,Ingénieur sécurité sanitaire,,,,
,,,,Kinésithérapeuthe,,,,
,,Humanitaire - Social - Service à la personne,Humanitaire,Logisticien humanitaire,,,,
,,,,Médecin,,,,
,,Tourisme - Sport - Loisirs - Animation,,Pisteur secouriste,,,,
,,Humanitaire - Social - Service à la personne,,Responsable de mission humanitaire,,,,
,,Humanitaire - Social - Service à la personne,Secours,Sapeur-pompier,,,,
,,,,Sage-femme / Maïeuticien,,,,
,,,,Secrétaire médicale,,,,
,,Humanitaire - Social - Service à la personne,,Technicien de l'intervention sociale et familiale,,,,
,,Sciences,,Technicien de laboratoire,,,,
,,,,,,,,
,Sécurité - Défense,,,Adjoint de sécurité,,,,
,,,,Agent de la sûreté ferroviaire ,,,,
,,,,Agent de prévention et de médiation,,,,
,,,,Agent de prévention et de sécurité,,,,
,,,,Agent de sûreté aéroportuaire,,,,
,,,,Agent vérificateur d'appareils extincteurs,,,,
,,,,Avitaileur avon,,,,
,,,,Commissaire de police,,,,
,,,,Contrôleur de défence aérienne,,,,
,,,,Convoyeur de fonds,,,,
,,,,Démineur,,,,
,,,,Détective privé,,,,
,,,,Douanier,,,,
,,,,Electronicien de l'armée de l'air,,,,
,,,,Exploitant renseignements de l'amée de l'air ,,,,
,,,,Fusilier commando de l'armée de l'air,,,,
,,,,Garde du corps,,,,
,,,,Garde républicain,,,,
,,,,Gardien d'immeuble,,,,
,,,,Gardien de la paix,,,,
,,,,Gendarme ,,,,
,,,,Gendarme adjoint volontaire,,,,
,,,,Gendarme motocycliste ,,,,
,,,,Ingénieur sécurité sanitaire,,,,
,,,,Installateur d'alarmes,,,,
,,,,Intercepteur technique et graphie de l'armée de l'air,,,,
,,,,Intercepteur traducteur de l'armée de l'air,,,,
,,,,Lieutenant de police,,,,
,,Animaux,,Maître-chien / Agent cynophile de sécurité,,,,
,,,,Maître nageur sauveteur,,,,
,,,,Mécanicien avionique de l'armée de l'air,,,,
,,,,Moniteur de simulateur de vol de l'armée de l'air,,,,
,,,,Officier de carrière,,,,
,,,,Officier de police,,,,
,,,,Patrouilleur autoroutier,,,,
,,,,Pilote de chasse,,,,
,,,,Pilote d'hélicoptère,,,,
,,,,Pilote militaire d'hélicoptère,,,,
,,,,Pisteur secouriste,,,,
,,,,Policier municipal,,,,
,,,,Responsable de sécurité informatique,,,,
,,Environnement - Nature,,"Responsable hygiène, sécurité, environnement",,,,
,,Services publics / Santé - Médecine,Secours,Sapeur-pompier,,,,
,,Réparation,,Serrurier dépanneur,,,,
,,,,Superviseur de traffic,,,,
,,,,Surveillant de baignade,,,,
,,,,Surveillant pénitentiaire,,,,
,,,,Technicien armement de l'armée de l'air,,,,
,,,,Technicien de la police technique et scientifique,,,,
,,,,Technicien photo-communication de l'armée de l'air,,,,
,Services publics,,,,,,,
,,Santé - Médecine / Sécurité - Défense,Secours,Sapeur-pompier,,,,
,,,,Releveur de compteur,,,,
,,,,,,,,
,Sciences,,Biologie,Agent de stérilisation,,,,
,,,Biologie,Animalier de laboratoire,,,,
,,Informatique,Biologie,Bio-informaticien,,,,
,,Environnement - Nature,,Botaniste,,,,
,,,Biologie,Biologiste,,,,
,,Environnement - Nature,Biologie,Hydrobiologiste,,,,
,,Environnement - Nature,,Hydrogéologue,,,,
,,,Biologie,Technicien biologiste,,,,
,,,,Technicien de la police technique et scientifique,,,,
,,Environnement - Nature,,Technicien de la qualité de l'eau,,,,
,,,,Technicien de laboratoire,,,,
,,,,Thanatopracteur,,,,
,,Agroalimentaire,Chimie,Aromaticien,,,,
,,,Chimie,Créateur de parfum,,,,
,,Viticulture,,Œnologue,,,,
,,,Chimie,Technicien chimiste,,,,
,,,Chimie,Technicien de mesure de la pollution,,,,
,,Santé - Médecine,,Technicien de laboratoire,,,,
,,,Chimie,Technicien galéniste,,,,
,,,Ingénierie,Ingénieur de recherche produit,,,,
,,,,Rudologue,,,,
,,Education - Enseignement - Formation,,Géographe,,,,
,,,,,,,,
,,Environnement - Nature,,Archéologue,,,,
,,Environnement - Nature,,Météorologue,,,,
,,Environnement - Nature,,Océanographe,,,,
,,Environnement - Nature,,Pédologue,,,,
,,,,,,,,
,,,,,,,,
,Télécommunication,,,,,,,
,,,,,,,,
,Transport - Logistique,,,Affréteur,,,,
,,Santé - Médecine,,Ambulancier,,,,
,,,,Conducteur routier,,,,
,,,,Pilote d'avion,,,,
,,,,Pilote d'hélicoptère,,,,
,,,,Pilote militaire d'hélicoptère,,,,
,,,,Responsable logistique,,,,
,,,,,,,,
,,,,,,,,
,Tourisme - Sport - Loisirs - Animation,Animaux,,Accompagnateur de tourisme équestre,,,,
,,,,Accompnateur de moyenne montage,,,,
,,,,Agent de réservation,,,,
,,,,Animateur de club de vacances,,,,
,,,,Bagagiste groom,,,,
,,Hotellerie - Restauration - Café,,Barman / Barmaid,,,,
,,Culture - Art - Spectacle,,Billettiste,,,,
,,,,Chargé d'accueil en office du tourisme,,,,
,,,,Chef de comptoir,,,,
,,,,Commissaire de bord,,,,
,,,,Concierge d'hôtel,,,,
,,,,Conseiller en développement local,,,,
,,,,Croupier,,,,
,,,,Dameur,,,,
,,,,Directeur d'office de tourisme,,,,
,,,,Disc-jockey,,,,
,,Commerce,,Exploitant d'équipements de loisirs,,,,
,,,,Forfaitiste,,,,
,,,,Gardien de refuge de montagne,,,,
,,,,Guide accompagnateur,,,,
,,,,Guide interprète,,,,
,,,,Loeur de bateaux,,,,
,,,,Ludothécaire,,,,
,,,,Nivoculteur,,,,
,,Santé - Médecine,,Pisteur secouriste,,,,
,,,,Perchiste de remontée mécanique,,,,
,,,,Responsable de produits voyages,,,,
,,,,Technicien de maintenance de mahcines à sous,,,,
,,,,Yield manager,,,,
,Urbanisme,,,Conseiller en développement local,,,,
,,,,Géomètre topographe,,,,
,,,,Urbaniste,,,,
